country,1951,1952,1953,1954,1955,1956,1957,1958,1959,1960,1961,1962,1963,1964,1965,1966,1967,1968,1969,1970,1971,1972,1973,1974,1975,1976,1977,1978,1979,1980,1981,1982,1983,1984,1985,1986,1987,1988,1989,1990,1991,1992,1993,1994,1995,1996,1997,1998,1999,2000,2001,2002,2003,2004,2005,2006,2007,2008,2009,2010,2011,2012,2013,2014,2015,2016,2017,2018,2019,2020,2021,region,image_url
Afghanistan,,,,,,,,,,,,,,,,,,,,,,,,,,,,,,,,,,,,,,,,,,,,4399.0,4575.0,5056.0,6046.0,6754.0,7922.0,9115.0,11371.0,12957.0,14616.0,15242.0,15535.0,14419.0,3470.0,3147.0,3015.0,2727.0,2659.0,2609.0,2700.0,2704.0,2890.0,3177.0,3356.0,3603.0,2447.0,2261.0,2416.0,Asia,https://public.flourish.studio/country-flags/svg/af.svg
Albania,,,,,,,,,,,,,,,,,,,,,,,,,,,,,,,,,,,,,,,,,,,,228.0,239.0,202.0,215.0,382.0,599.0,625.0,998.0,1186.0,1226.0,1273.0,1403.0,1327.0,2509.0,2496.0,2340.0,2166.0,1900.0,1764.0,1706.0,1530.0,1243.0,863.0,853.0,911.0,783.0,729.0,779.0,Europe,https://public.flourish.studio/country-flags/svg/al.svg
Algeria,,,,,,,,,,,,,,,,,,,,,,,,,,,,,,,,,,,,,,,,,,,,557.0,905.0,1212.0,1641.0,2392.0,2607.0,2600.0,2877.0,2477.0,2030.0,1430.0,763.0,545.0,2806.0,2295.0,1580.0,877.0,628.0,513.0,443.0,346.0,355.0,360.0,390.0,443.0,449.0,592.0,832.0,Africa,https://public.flourish.studio/country-flags/svg/dz.svg
Angola,,,,,,,,,,,,,,,,,,,,,,,,,,,,,,,,,,,,,,,,,,,,113.0,110.0,96.0,113.0,137.0,161.0,140.0,296.0,433.0,517.0,700.0,892.0,836.0,1085.0,1080.0,1067.0,1030.0,893.0,753.0,650.0,445.0,226.0,84.0,99.0,132.0,226.0,314.0,445.0,Africa,https://public.flourish.studio/country-flags/svg/ao.svg
Antigua and Barbuda,,,,,,,,,,,,,,,,,,,,,,,,,,,,,,,,,,,,,,,,,,,,,,,,,,0.0,5.0,5.0,5.0,7.0,13.0,18.0,24.0,25.0,27.0,28.0,27.0,40.0,45.0,48.0,51.0,77.0,94.0,97.0,104.0,96.0,97.0,Americas,https://public.flourish.studio/country-flags/svg/ag.svg
Argentina,,,,,,,,,,,,,,,,,,,,,,,,,,,,,,,,,,,,,,,,,,,,364.0,247.0,130.0,85.0,56.0,60.0,87.0,144.0,190.0,196.0,226.0,297.0,271.0,421.0,410.0,394.0,363.0,312.0,258.0,239.0,191.0,85.0,27.0,26.0,20.0,0.0,0.0,7.0,Americas,https://public.flourish.studio/country-flags/svg/ar.svg
Armenia,,,,,,,,,,,,,,,,,,,,,,,,,,,,,,,,,,,,,,,,,,,,30.0,43.0,68.0,89.0,87.0,94.0,94.0,102.0,76.0,79.0,77.0,83.0,110.0,171.0,172.0,173.0,179.0,192.0,200.0,190.0,189.0,180.0,88.0,85.0,83.0,52.0,35.0,32.0,Asia,https://public.flourish.studio/country-flags/svg/am.svg
Australia,,,,,,,,,,,,,,,,,,,,,,,,,,,,,,,,,,,,,,,,,,,,,,,,,,,,0.0,0.0,0.0,,5.0,,0.0,0.0,5.0,5.0,6.0,6.0,6.0,6.0,0.0,0.0,,0.0,,0.0,Oceania,https://public.flourish.studio/country-flags/svg/au.svg
Austria,,,,,,,,,,,,,,,,,,,,,,,,,,,,,,,,,,,,,,,,,,,,60.0,49.0,48.0,42.0,41.0,32.0,19.0,14.0,8.0,5.0,,,0.0,0.0,,,,,0.0,0.0,,,0.0,0.0,0.0,0.0,,,Europe,https://public.flourish.studio/country-flags/svg/at.svg
Azerbaijan,,,,,,,,,,,,,,,,,,,,,,,,,,,,,,,,,,,,,,,,,,,,40.0,56.0,64.0,103.0,99.0,118.0,102.0,153.0,222.0,258.0,376.0,585.0,652.0,727.0,719.0,723.0,714.0,683.0,598.0,550.0,455.0,291.0,164.0,297.0,427.0,548.0,622.0,745.0,Asia,https://public.flourish.studio/country-flags/svg/az.svg
Bahamas,,,,,,,,,,,,,,,,,,,,,,,,,,,,,,,,,,,,,,,,,,,,,,,,,,,,,,,,0.0,0.0,0.0,0.0,5.0,10.0,15.0,23.0,26.0,31.0,113.0,194.0,231.0,310.0,353.0,476.0,,
Bahrain,,,,,,,,,,,,,,,,,,,,,,,,,,,,,,,,,,,,,,,,,,,,15.0,11.0,5.0,5.0,9.0,9.0,6.0,6.0,6.0,5.0,5.0,,,7.0,8.0,6.0,5.0,5.0,5.0,6.0,10.0,15.0,35.0,46.0,59.0,56.0,56.0,58.0,Asia,https://public.flourish.studio/country-flags/svg/bh.svg
Bangladesh,,,,,,,,,,,,,,,,,,,,,,,,,,,,,,,,,,,,,,,,,,,,1363.0,1639.0,1892.0,1941.0,1864.0,1567.0,2007.0,2185.0,1612.0,1235.0,1174.0,1352.0,1575.0,3214.0,2768.0,2445.0,2213.0,2076.0,1917.0,1764.0,1483.0,1112.0,799.0,905.0,1020.0,1149.0,1288.0,1629.0,Asia,https://public.flourish.studio/country-flags/svg/bd.svg
Barbados,,,,,,,,,,,,,,,,,,,,,,,,,,,,,,,,,,,,,,,,,,,,5.0,,,,,,5.0,6.0,6.0,8.0,5.0,8.0,13.0,25.0,27.0,28.0,29.0,42.0,50.0,63.0,82.0,95.0,144.0,167.0,200.0,230.0,216.0,242.0,Americas,https://public.flourish.studio/country-flags/svg/bb.svg
Belarus,,,,,,,,,,,,,,,,,,,,,,,,,,,,,,,,,,,,,,,,,,,,30.0,36.0,39.0,39.0,36.0,34.0,36.0,70.0,90.0,127.0,158.0,199.0,201.0,293.0,307.0,312.0,327.0,311.0,300.0,268.0,227.0,182.0,99.0,95.0,94.0,54.0,45.0,48.0,Europe,https://public.flourish.studio/country-flags/svg/by.svg
Belgium,,,,,,,,,,,,,,,,,,,,,,,,,,,,,,,,,,,,,,,,,,,,,5.0,5.0,9.0,9.0,10.0,10.0,6.0,,5.0,,,0.0,0.0,7.0,12.0,16.0,17.0,17.0,16.0,16.0,16.0,7.0,14.0,16.0,5.0,5.0,5.0,Europe,https://public.flourish.studio/country-flags/svg/be.svg
Belize,,,,,,,,,,,,,,,,,,,,,,,,,,,,,,,,,,,,,,,,,,,,8.0,8.0,5.0,,,,,0.0,0.0,0.0,0.0,0.0,,0.0,5.0,5.0,5.0,5.0,6.0,7.0,9.0,10.0,13.0,16.0,19.0,19.0,19.0,20.0,Americas,https://public.flourish.studio/country-flags/svg/bz.svg
Benin,,,,,,,,,,,,,,,,,,,,,,,,,,,,,,,,,,,,,,,,,,,,15.0,15.0,9.0,7.0,7.0,9.0,6.0,12.0,13.0,24.0,26.0,39.0,41.0,53.0,54.0,54.0,61.0,56.0,56.0,46.0,50.0,46.0,50.0,54.0,65.0,51.0,48.0,50.0,Africa,https://public.flourish.studio/country-flags/svg/bj.svg
Bermuda,,,,,,,,,,,,,,,,,,,,,,,,,,,,,,,,,,,,,,,,,,,,,,,,,,,,,,,,,,,,,0.0,0.0,,,,,,,,,,Americas,https://public.flourish.studio/country-flags/svg/bm.svg
Bhutan,,,,,,,,,,,,,,,,,,,,,,,,,,,,,,,,,,,,,,,,,,,,5.0,6.0,6.0,5.0,5.0,9.0,6.0,9.0,7.0,8.0,5.0,5.0,10.0,0.0,8.0,10.0,18.0,18.0,19.0,22.0,22.0,22.0,8.0,7.0,5.0,0.0,,,Asia,https://public.flourish.studio/country-flags/svg/bt.svg
Bolivia (Plurinational State of),,,,,,,,,,,,,,,,,,,,,,,,,,,,,,,,,,,,,,,,,,,,82.0,72.0,60.0,36.0,36.0,30.0,28.0,40.0,31.0,46.0,61.0,79.0,107.0,149.0,162.0,160.0,165.0,159.0,160.0,152.0,126.0,105.0,51.0,50.0,43.0,31.0,21.0,26.0,,
Bosnia and Herzegovina,,,,,,,,,,,,,,,,,,,,,,,,,,,,,,,,,,,,,,,,,,,,6234.0,12171.0,17069.0,20661.0,22580.0,20770.0,15494.0,11156.0,7666.0,4112.0,1435.0,794.0,274.0,132.0,119.0,110.0,104.0,93.0,91.0,85.0,83.0,64.0,34.0,35.0,34.0,5.0,,,Europe,https://public.flourish.studio/country-flags/svg/ba.svg
Botswana,,,,,,,,,,,,,,,,,,,,,,,,,,,,,,,,,,,,,,,,,,,,17.0,22.0,22.0,16.0,16.0,10.0,5.0,,0.0,0.0,0.0,0.0,5.0,6.0,14.0,22.0,38.0,69.0,109.0,149.0,218.0,284.0,248.0,255.0,262.0,180.0,144.0,108.0,Africa,https://public.flourish.studio/country-flags/svg/bw.svg
Brazil,,,,,,,,,,,,,,,,,,,,,,,,,,,,,,,,,,,,,,,,,,,,27.0,24.0,20.0,20.0,18.0,19.0,32.0,38.0,40.0,36.0,30.0,79.0,110.0,165.0,176.0,168.0,168.0,169.0,175.0,177.0,172.0,124.0,63.0,64.0,75.0,102.0,116.0,147.0,Americas,https://public.flourish.studio/country-flags/svg/br.svg
Bulgaria,,,,,,,,,,,,,,,,,,,,,,,,,,,,,,,,,,,,,,,,,,,,1645.0,1053.0,499.0,420.0,455.0,491.0,588.0,708.0,742.0,711.0,693.0,794.0,835.0,1552.0,1414.0,1238.0,1119.0,1011.0,928.0,813.0,668.0,432.0,132.0,135.0,141.0,127.0,109.0,139.0,Europe,https://public.flourish.studio/country-flags/svg/bg.svg
Burkina Faso,,,,,,,,,,,,,,,,,,,,,,,,,,,,,,,,,,,,,,,,,,,,6.0,9.0,10.0,8.0,11.0,16.0,19.0,24.0,24.0,30.0,51.0,72.0,95.0,115.0,123.0,126.0,140.0,149.0,141.0,146.0,136.0,124.0,92.0,95.0,95.0,93.0,83.0,107.0,Africa,https://public.flourish.studio/country-flags/svg/bf.svg
Burundi,,,,,,,,,,,,,,,,,,,,,,,,,,,,,,,,,,,,,,,,,,,,476.0,637.0,778.0,900.0,941.0,768.0,890.0,1159.0,1274.0,1524.0,1862.0,2064.0,2148.0,1498.0,1650.0,1827.0,1968.0,2148.0,2315.0,2278.0,2114.0,2074.0,1715.0,2022.0,2194.0,2486.0,2796.0,2959.0,Africa,https://public.flourish.studio/country-flags/svg/bi.svg
Cambodia,,,,,,,,,,,,,,,,,,,,,,,,,,,,,,,,,,,,,,,,,,,,1520.0,822.0,495.0,283.0,126.0,82.0,64.0,72.0,61.0,57.0,78.0,82.0,105.0,182.0,179.0,174.0,161.0,174.0,176.0,186.0,162.0,153.0,67.0,71.0,71.0,47.0,42.0,43.0,Asia,https://public.flourish.studio/country-flags/svg/kh.svg
Cameroon,,,,,,,,,,,,,,,,,,,,,,,,,,,,,,,,,,,,,,,,,,,,58.0,89.0,93.0,104.0,156.0,165.0,139.0,205.0,230.0,247.0,277.0,334.0,379.0,660.0,680.0,708.0,746.0,798.0,864.0,932.0,985.0,1103.0,975.0,1039.0,1116.0,946.0,964.0,1126.0,Africa,https://public.flourish.studio/country-flags/svg/cm.svg
Canada,,,,,,,,,,,,,,,,,,,,,,,,,,,,,,,,,,,,,,,,,,,,,,,,,,,,,,,,,0.0,0.0,,,,,,,,,,,,,,Americas,https://public.flourish.studio/country-flags/svg/ca.svg
Central African Rep.,,,,,,,,,,,,,,,,,,,,,,,,,,,,,,,,,,,,,,,,,,,,5.0,5.0,6.0,10.0,17.0,17.0,13.0,11.0,15.0,17.0,12.0,43.0,55.0,60.0,60.0,58.0,60.0,63.0,63.0,64.0,67.0,53.0,64.0,70.0,73.0,51.0,49.0,50.0,,
Chad,,,,,,,,,,,,,,,,,,,,,,,,,,,,,,,,,,,,,,,,,,,,34.0,46.0,52.0,70.0,215.0,379.0,295.0,377.0,423.0,440.0,398.0,350.0,340.0,745.0,771.0,708.0,617.0,568.0,543.0,519.0,474.0,415.0,345.0,427.0,458.0,477.0,577.0,747.0,Africa,https://public.flourish.studio/country-flags/svg/td.svg
Chile,,,,,,,,,,,,,,,,,,,,,,,,,,,,,,,,,,,,,,,,,,,,922.0,501.0,309.0,249.0,245.0,249.0,224.0,253.0,212.0,169.0,131.0,94.0,91.0,290.0,250.0,211.0,162.0,134.0,124.0,130.0,124.0,102.0,49.0,52.0,51.0,71.0,63.0,80.0,Americas,https://public.flourish.studio/country-flags/svg/cl.svg
China,,,,,,,,,,,,,,,,,,,,,,,,,,,,,,,,,,,,,,,,,,,,2067.0,1597.0,1132.0,1023.0,1106.0,1381.0,1903.0,2667.0,3771.0,5722.0,8071.0,9953.0,11072.0,14970.0,15585.0,16075.0,16451.0,17024.0,16813.0,15344.0,13231.0,11415.0,7356.0,7180.0,7192.0,6060.0,5916.0,6287.0,Asia,https://public.flourish.studio/country-flags/svg/cn.svg
"China, Hong Kong SAR",,,,,,,,,,,,,,,,,,,,,,,,,,,,,,,,,,,,,,,,,,,,257.0,202.0,102.0,47.0,39.0,17.0,10.0,5.0,,0.0,,0.0,0.0,0.0,0.0,0.0,6.0,6.0,12.0,19.0,20.0,28.0,5.0,6.0,6.0,0.0,0.0,7.0,,
Colombia,,,,,,,,,,,,,,,,,,,,,,,,,,,,,,,,,,,,,,,,,,,,101.0,112.0,132.0,151.0,235.0,450.0,1077.0,2339.0,4051.0,6689.0,9441.0,13511.0,17378.0,11843.0,13080.0,14300.0,16054.0,17243.0,17563.0,17381.0,16428.0,13666.0,8228.0,8049.0,7356.0,4982.0,4577.0,5244.0,Americas,https://public.flourish.studio/country-flags/svg/co.svg
Comoros,,,,,,,,,,,,,,,,,,,,,,,,,,,,,,,,,,,,,,,,,,,,5.0,5.0,5.0,5.0,7.0,7.0,0.0,5.0,5.0,5.0,5.0,5.0,5.0,7.0,7.0,7.0,6.0,5.0,5.0,5.0,5.0,5.0,,5.0,5.0,5.0,,5.0,Africa,https://public.flourish.studio/country-flags/svg/km.svg
Congo,,,,,,,,,,,,,,,,,,,,,,,,,,,,,,,,,,,,,,,,,,,,16.0,19.0,18.0,40.0,123.0,197.0,0.0,48.0,86.0,154.0,272.0,365.0,400.0,308.0,326.0,331.0,348.0,312.0,287.0,265.0,229.0,201.0,248.0,281.0,300.0,259.0,259.0,308.0,,
Costa Rica,,,,,,,,,,,,,,,,,,,,,,,,,,,,,,,,,,,,,,,,,,,,217.0,204.0,131.0,81.0,45.0,68.0,50.0,81.0,90.0,86.0,120.0,149.0,198.0,315.0,309.0,314.0,320.0,289.0,282.0,267.0,229.0,190.0,20.0,15.0,15.0,13.0,12.0,9.0,Americas,https://public.flourish.studio/country-flags/svg/cr.svg
Cote d'Ivoire,,,,,,,,,,,,,,,,,,,,,,,,,,,,,,,,,,,,,,,,,,,,32.0,50.0,60.0,77.0,116.0,132.0,102.0,116.0,135.0,146.0,161.0,204.0,236.0,401.0,424.0,425.0,421.0,427.0,420.0,423.0,431.0,398.0,254.0,253.0,251.0,158.0,158.0,209.0,Africa,https://public.flourish.studio/country-flags/svg/ci.svg
Croatia,,,,,,,,,,,,,,,,,,,,,,,,,,,,,,,,,,,,,,,,,,,,625.0,984.0,1485.0,2441.0,3502.0,4299.0,4426.0,4150.0,3258.0,2000.0,835.0,349.0,160.0,93.0,85.0,86.0,69.0,61.0,57.0,70.0,88.0,96.0,158.0,204.0,282.0,268.0,265.0,259.0,Europe,https://public.flourish.studio/country-flags/svg/hr.svg
Cuba,,,,,,,,,,,,,,,,,,,,,,,,,,,,,,,,,,,,,,,,,,,,722.0,696.0,686.0,648.0,641.0,655.0,812.0,1025.0,1020.0,1005.0,958.0,964.0,969.0,2014.0,2041.0,1988.0,1821.0,1739.0,1708.0,1674.0,1618.0,1512.0,869.0,836.0,767.0,598.0,504.0,484.0,Americas,https://public.flourish.studio/country-flags/svg/cu.svg
Cyprus,,,,,,,,,,,,,,,,,,,,,,,,,,,,,,,,,,,,,,,,,,,,6.0,9.0,9.0,7.0,10.0,12.0,7.0,5.0,5.0,0.0,,,,,,,,,,,,,,0.0,7.0,0.0,,,Asia,https://public.flourish.studio/country-flags/svg/cy.svg
Czechia,,,,,,,,,,,,,,,,,,,,,,,,,,,,,,,,,,,,,,,,,,,,1535.0,394.0,152.0,49.0,775.0,895.0,625.0,679.0,717.0,696.0,388.0,151.0,113.0,796.0,776.0,489.0,275.0,237.0,222.0,238.0,254.0,259.0,382.0,420.0,414.0,370.0,346.0,327.0,,
Dem. People's Rep. of Korea,,,,,,,,,,,,,,,,,,,,,,,,,,,,,,,,,,,,,,,,,,,,,,,,,,0.0,,0.0,5.0,5.0,5.0,5.0,5.0,5.0,5.0,23.0,64.0,119.0,127.0,126.0,126.0,485.0,484.0,478.0,412.0,370.0,312.0,,
Dem. Rep. of the Congo,,,,,,,,,,,,,,,,,,,,,,,,,,,,,,,,,,,,,,,,,,,,1560.0,1564.0,1777.0,1892.0,2306.0,2699.0,3142.0,4033.0,4387.0,4706.0,5069.0,5124.0,5212.0,5997.0,5687.0,5284.0,4725.0,4381.0,4211.0,3874.0,3544.0,3316.0,1837.0,1816.0,1846.0,1033.0,1039.0,1316.0,,
Denmark,,,,,,,,,,,,,,,,,,,,,,,,,,,,,,,,,,,,,,,,,,,,11.0,18.0,34.0,33.0,28.0,25.0,21.0,5.0,0.0,,0.0,0.0,0.0,5.0,5.0,5.0,6.0,6.0,6.0,6.0,6.0,6.0,,0.0,0.0,5.0,5.0,7.0,Europe,https://public.flourish.studio/country-flags/svg/dk.svg
Djibouti,,,,,,,,,,,,,,,,,,,,,,,,,,,,,,,,,,,,,,,,,,,,55.0,57.0,56.0,75.0,134.0,271.0,238.0,301.0,312.0,318.0,261.0,195.0,163.0,431.0,429.0,364.0,275.0,246.0,233.0,289.0,310.0,350.0,587.0,801.0,1083.0,1130.0,1156.0,1209.0,Africa,https://public.flourish.studio/country-flags/svg/dj.svg
Dominica,,,,,,,,,,,,,,,,,,,,,,,,,,,,,,,,,,,,,,,,,,,,,,,,,,0.0,5.0,6.0,17.0,24.0,30.0,33.0,43.0,44.0,44.0,43.0,39.0,41.0,30.0,23.0,18.0,6.0,5.0,8.0,8.0,6.0,8.0,Americas,https://public.flourish.studio/country-flags/svg/dm.svg
Dominican Rep.,,,,,,,,,,,,,,,,,,,,,,,,,,,,,,,,,,,,,,,,,,,,25.0,25.0,24.0,40.0,32.0,35.0,38.0,40.0,31.0,26.0,28.0,32.0,63.0,116.0,126.0,132.0,129.0,134.0,148.0,167.0,169.0,172.0,109.0,124.0,124.0,113.0,107.0,115.0,,
Ecuador,,,,,,,,,,,,,,,,,,,,,,,,,,,,,,,,,,,,,,,,,,,,111.0,130.0,139.0,127.0,135.0,111.0,121.0,130.0,125.0,113.0,106.0,106.0,145.0,261.0,256.0,264.0,226.0,229.0,216.0,216.0,208.0,176.0,61.0,59.0,54.0,44.0,34.0,35.0,Americas,https://public.flourish.studio/country-flags/svg/ec.svg
Egypt,,,,,,,,,,,,,,,,,,,,,,,,,,,,,,,,,,,,,,,,,,,,146.0,181.0,276.0,544.0,776.0,1084.0,1043.0,1254.0,1287.0,1291.0,1109.0,1208.0,1004.0,640.0,640.0,607.0,573.0,555.0,597.0,638.0,684.0,752.0,1155.0,1329.0,1764.0,2520.0,2940.0,3384.0,,
El Salvador,,,,,,,,,,,,,,,,,,,,,,,,,,,,,,,,,,,,,,,,,,,,11082.0,7261.0,3584.0,1720.0,800.0,616.0,621.0,636.0,514.0,442.0,468.0,399.0,459.0,758.0,849.0,889.0,912.0,1023.0,1122.0,1223.0,1301.0,1403.0,1230.0,1354.0,1559.0,1547.0,1540.0,1595.0,Americas,https://public.flourish.studio/country-flags/svg/sv.svg
Equatorial Guinea,,,,,,,,,,,,,,,,,,,,,,,,,,,,,,,,,,,,,,,,,,,,,,5.0,5.0,,,5.0,5.0,5.0,5.0,6.0,5.0,7.0,15.0,15.0,15.0,11.0,12.0,12.0,12.0,11.0,8.0,14.0,13.0,18.0,19.0,18.0,19.0,Africa,https://public.flourish.studio/country-flags/svg/gq.svg
Eritrea,,,,,,,,,,,,,,,,,,,,,,,,,,,,,,,,,,,,,,,,,,,,6.0,17.0,36.0,72.0,109.0,153.0,165.0,316.0,411.0,557.0,852.0,1197.0,1619.0,717.0,792.0,918.0,1136.0,1350.0,1547.0,1676.0,1750.0,1811.0,1806.0,2131.0,2715.0,2052.0,2151.0,2303.0,Africa,https://public.flourish.studio/country-flags/svg/er.svg
Estonia,,,,,,,,,,,,,,,,,,,,,,,,,,,,,,,,,,,,,,,,,,,,176.0,193.0,204.0,192.0,132.0,59.0,25.0,27.0,11.0,11.0,11.0,12.0,10.0,22.0,23.0,21.0,17.0,15.0,12.0,14.0,15.0,10.0,7.0,5.0,5.0,5.0,5.0,5.0,Europe,https://public.flourish.studio/country-flags/svg/ee.svg
Eswatini,,,,,,,,,,,,,,,,,,,,,,,,,,,,,,,,,,,,,,,,,,,,11.0,15.0,16.0,17.0,29.0,27.0,16.0,15.0,15.0,0.0,6.0,7.0,11.0,16.0,17.0,17.0,19.0,25.0,39.0,71.0,101.0,134.0,134.0,141.0,148.0,120.0,101.0,89.0,Africa,https://public.flourish.studio/country-flags/svg/sz.svg
Ethiopia,,,,,,,,,,,,,,,,,,,,,,,,,,,,,,,,,,,,,,,,,,,,7786.0,5673.0,3750.0,2543.0,1724.0,1405.0,1635.0,2034.0,2244.0,2873.0,3549.0,3986.0,4753.0,1652.0,1732.0,1742.0,1761.0,1928.0,2059.0,2163.0,2155.0,2047.0,1470.0,1631.0,1900.0,1236.0,1420.0,1835.0,Africa,https://public.flourish.studio/country-flags/svg/et.svg
Fiji,,,,,,,,,,,,,,,,,,,,,,,,,,,,,,,,,,,,,,,,,,,,38.0,28.0,17.0,20.0,23.0,19.0,13.0,33.0,173.0,313.0,433.0,455.0,458.0,515.0,523.0,528.0,542.0,527.0,395.0,273.0,157.0,127.0,62.0,60.0,54.0,19.0,18.0,10.0,Oceania,https://public.flourish.studio/country-flags/svg/fj.svg
Finland,,,,,,,,,,,,,,,,,,,,,,,,,,,,,,,,,,,,,,,,,,,,,,,,,,,,,,,,,,,,,0.0,0.0,0.0,,5.0,0.0,0.0,0.0,0.0,,,Europe,https://public.flourish.studio/country-flags/svg/fi.svg
France,,,,,,,,,,,,,,,,,,,,,,,,,,,,,,,,,,,,,,,,,,,,20.0,14.0,34.0,39.0,40.0,37.0,49.0,32.0,23.0,29.0,23.0,16.0,18.0,43.0,46.0,40.0,36.0,35.0,40.0,36.0,36.0,42.0,7.0,10.0,10.0,0.0,0.0,0.0,Europe,https://public.flourish.studio/country-flags/svg/fr.svg
Gabon,,,,,,,,,,,,,,,,,,,,,,,,,,,,,,,,,,,,,,,,,,,,5.0,5.0,,,,5.0,5.0,7.0,6.0,8.0,15.0,27.0,28.0,41.0,49.0,50.0,54.0,52.0,55.0,55.0,56.0,47.0,23.0,36.0,36.0,33.0,32.0,37.0,Africa,https://public.flourish.studio/country-flags/svg/ga.svg
Gambia,,,,,,,,,,,,,,,,,,,,,,,,,,,,,,,,,,,,,,,,,,,,,,5.0,5.0,12.0,19.0,16.0,18.0,18.0,18.0,9.0,16.0,31.0,40.0,45.0,41.0,49.0,51.0,59.0,72.0,78.0,82.0,73.0,82.0,91.0,85.0,79.0,90.0,,
Georgia,,,,,,,,,,,,,,,,,,,,,,,,,,,,,,,,,,,,,,,,,,,,36.0,45.0,69.0,76.0,102.0,141.0,123.0,179.0,198.0,219.0,245.0,290.0,297.0,471.0,486.0,501.0,495.0,506.0,504.0,485.0,474.0,449.0,257.0,276.0,345.0,335.0,337.0,419.0,Asia,https://public.flourish.studio/country-flags/svg/ge.svg
Germany,,,,,,,,,,,,,,,,,,,,,,,,,,,,,,,,,,,,,,,,,,,,441.0,376.0,390.0,401.0,614.0,1240.0,1125.0,988.0,895.0,663.0,17.0,18.0,28.0,41.0,73.0,81.0,80.0,84.0,89.0,90.0,87.0,81.0,9.0,0.0,0.0,0.0,,0.0,Europe,https://public.flourish.studio/country-flags/svg/de.svg
Ghana,,,,,,,,,,,,,,,,,,,,,,,,,,,,,,,,,,,,,,,,,,,,973.0,751.0,535.0,323.0,281.0,208.0,303.0,333.0,247.0,207.0,204.0,241.0,259.0,495.0,444.0,418.0,379.0,370.0,356.0,361.0,352.0,301.0,269.0,298.0,352.0,326.0,300.0,341.0,Africa,https://public.flourish.studio/country-flags/svg/gh.svg
Greece,,,,,,,,,,,,,,,,,,,,,,,,,,,,,,,,,,,,,,,,,,,,93.0,129.0,153.0,170.0,153.0,153.0,119.0,93.0,62.0,42.0,5.0,5.0,5.0,10.0,11.0,15.0,12.0,13.0,14.0,18.0,24.0,24.0,13.0,14.0,14.0,0.0,,0.0,Europe,https://public.flourish.studio/country-flags/svg/gr.svg
Grenada,,,,,,,,,,,,,,,,,,,,,,,,,,,,,,,,,,,,,,,,,,,,5.0,6.0,10.0,11.0,19.0,35.0,23.0,53.0,73.0,76.0,98.0,151.0,199.0,293.0,305.0,325.0,325.0,303.0,292.0,304.0,294.0,239.0,67.0,64.0,54.0,31.0,24.0,16.0,Americas,https://public.flourish.studio/country-flags/svg/gd.svg
Guatemala,,,,,,,,,,,,,,,,,,,,,,,,,,,,,,,,,,,,,,,,,,,,3636.0,3052.0,2397.0,1753.0,1140.0,829.0,710.0,677.0,492.0,385.0,363.0,332.0,339.0,689.0,693.0,686.0,678.0,707.0,770.0,864.0,907.0,935.0,585.0,554.0,540.0,444.0,423.0,389.0,Americas,https://public.flourish.studio/country-flags/svg/gt.svg
Guinea,,,,,,,,,,,,,,,,,,,,,,,,,,,,,,,,,,,,,,,,,,,,46.0,60.0,59.0,92.0,181.0,245.0,227.0,351.0,483.0,561.0,691.0,714.0,747.0,1173.0,1169.0,1152.0,1094.0,1018.0,914.0,839.0,700.0,648.0,423.0,442.0,446.0,368.0,372.0,432.0,Africa,https://public.flourish.studio/country-flags/svg/gn.svg
Guinea-Bissau,,,,,,,,,,,,,,,,,,,,,,,,,,,,,,,,,,,,,,,,,,,,5.0,5.0,5.0,5.0,,,0.0,0.0,0.0,6.0,9.0,14.0,18.0,23.0,23.0,23.0,23.0,23.0,24.0,20.0,18.0,15.0,9.0,9.0,9.0,9.0,8.0,7.0,Africa,https://public.flourish.studio/country-flags/svg/gw.svg
Guyana,,,,,,,,,,,,,,,,,,,,,,,,,,,,,,,,,,,,,,,,,,,,69.0,59.0,47.0,29.0,28.0,37.0,22.0,36.0,39.0,49.0,129.0,311.0,407.0,537.0,569.0,591.0,602.0,626.0,638.0,640.0,563.0,391.0,159.0,148.0,138.0,126.0,93.0,95.0,Americas,https://public.flourish.studio/country-flags/svg/gy.svg
Haiti,,,,,,,,,,,,,,,,,,,,,,,,,,,,,,,,,,,,,,,,,,,,1217.0,1145.0,1057.0,811.0,504.0,165.0,439.0,511.0,392.0,413.0,460.0,632.0,783.0,1295.0,1410.0,1662.0,2906.0,4963.0,6798.0,7872.0,8422.0,8807.0,6774.0,6874.0,7141.0,6563.0,4587.0,4409.0,Americas,https://public.flourish.studio/country-flags/svg/ht.svg
Holy See,,,,,,,,,,,,,,,,,,,,,,,,,,,,,,,,,,,,,,,,,,,,,,,,,,,,,,,,,0.0,0.0,,,,,,,,,,,,,,,
Honduras,,,,,,,,,,,,,,,,,,,,,,,,,,,,,,,,,,,,,,,,,,,,692.0,497.0,370.0,279.0,243.0,212.0,241.0,270.0,219.0,177.0,166.0,164.0,188.0,452.0,455.0,467.0,492.0,538.0,596.0,679.0,808.0,889.0,872.0,934.0,996.0,864.0,905.0,950.0,Americas,https://public.flourish.studio/country-flags/svg/hn.svg
Hungary,,,,,,,,,,,,,,,,,,,,,,,,,,,,,,,,,,,,,,,,,,,,1161.0,651.0,331.0,153.0,215.0,268.0,202.0,406.0,558.0,657.0,779.0,829.0,722.0,1183.0,1221.0,1158.0,1081.0,893.0,766.0,765.0,828.0,973.0,2473.0,2912.0,3524.0,3632.0,4261.0,4468.0,Europe,https://public.flourish.studio/country-flags/svg/hu.svg
Iceland,,,,,,,,,,,,,,,,,,,,,,,,,,,,,,,,,,,,,,,,,,,,,,5.0,5.0,5.0,5.0,5.0,,,,,,,,,,,,,,,,,,0.0,0.0,,,Europe,https://public.flourish.studio/country-flags/svg/is.svg
India,,,,,,,,,,,,,,,,,,,,,,,,,,,,,,,,,,,,,,,,,,,,1124.0,1528.0,1868.0,2048.0,2296.0,2096.0,3196.0,3803.0,3807.0,3514.0,3589.0,3512.0,3750.0,7114.0,6718.0,6245.0,5954.0,5621.0,5287.0,4988.0,4292.0,3712.0,1144.0,1281.0,1457.0,1374.0,1598.0,2186.0,Asia,https://public.flourish.studio/country-flags/svg/in.svg
Indonesia,,,,,,,,,,,,,,,,,,,,,,,,,,,,,,,,,,,,,,,,,,,,58.0,62.0,62.0,59.0,34.0,93.0,89.0,115.0,142.0,148.0,264.0,294.0,402.0,409.0,429.0,419.0,374.0,368.0,351.0,358.0,336.0,308.0,121.0,119.0,130.0,111.0,97.0,99.0,Asia,https://public.flourish.studio/country-flags/svg/id.svg
Iran (Islamic Rep. of),,,,,,,,,,,,,,,,,,,,,,,,,,,,,,,,,,,,,,,,,,,,10281.0,8131.0,6677.0,6461.0,6467.0,6361.0,6319.0,7502.0,7228.0,6794.0,6508.0,5695.0,4978.0,6221.0,5200.0,4499.0,3819.0,3440.0,3212.0,3033.0,2834.0,2639.0,1986.0,2197.0,2538.0,3846.0,5085.0,7385.0,,
Iraq,,,,,,,,,,,,,,,,,,,,,,,,,,,,,,,,,,,,,,,,,,,,6690.0,7308.0,8157.0,7986.0,6584.0,5975.0,5798.0,6001.0,5737.0,5441.0,5402.0,4789.0,3990.0,1968.0,1865.0,1760.0,1730.0,1712.0,1745.0,1730.0,1643.0,1892.0,2421.0,2792.0,3025.0,5.0,70.0,217.0,Asia,https://public.flourish.studio/country-flags/svg/iq.svg
Ireland,,,,,,,,,,,,,,,,,,,,,,,,,,,,,,,,,,,,,,,,,,,,5.0,,,,,,5.0,5.0,,0.0,,5.0,5.0,9.0,7.0,7.0,7.0,7.0,7.0,7.0,7.0,5.0,0.0,0.0,0.0,0.0,0.0,5.0,Europe,https://public.flourish.studio/country-flags/svg/ie.svg
Israel,,,,,,,,,,,,,,,,,,,,,,,,,,,,,,,,,,,,,,,,,,,,732.0,794.0,828.0,806.0,671.0,322.0,264.0,281.0,137.0,104.0,177.0,292.0,440.0,645.0,622.0,636.0,622.0,646.0,673.0,687.0,628.0,494.0,202.0,181.0,207.0,190.0,134.0,151.0,Asia,https://public.flourish.studio/country-flags/svg/il.svg
Italy,,,,,,,,,,,,,,,,,,,,,,,,,,,,,,,,,,,,,,,,,,,,139.0,114.0,103.0,101.0,64.0,37.0,31.0,24.0,20.0,14.0,5.0,5.0,5.0,8.0,11.0,13.0,13.0,13.0,15.0,17.0,16.0,18.0,0.0,0.0,5.0,5.0,5.0,14.0,Europe,https://public.flourish.studio/country-flags/svg/it.svg
Jamaica,,,,,,,,,,,,,,,,,,,,,,,,,,,,,,,,,,,,,,,,,,,,5.0,6.0,10.0,12.0,12.0,18.0,22.0,37.0,48.0,55.0,77.0,158.0,197.0,267.0,303.0,337.0,348.0,408.0,504.0,621.0,733.0,813.0,832.0,893.0,933.0,879.0,896.0,893.0,Americas,https://public.flourish.studio/country-flags/svg/jm.svg
Japan,,,,,,,,,,,,,,,,,,,,,,,,,,,,,,,,,,,,,,,,,,,,7.0,5.0,,,,,5.0,5.0,0.0,0.0,5.0,5.0,11.0,13.0,16.0,16.0,15.0,19.0,20.0,26.0,23.0,23.0,0.0,0.0,0.0,0.0,,0.0,Asia,https://public.flourish.studio/country-flags/svg/jp.svg
Jordan,,,,,,,,,,,,,,,,,,,,,,,,,,,,,,,,,,,,,,,,,,,,147.0,148.0,275.0,276.0,295.0,320.0,296.0,156.0,112.0,86.0,82.0,141.0,217.0,300.0,308.0,304.0,322.0,366.0,402.0,414.0,402.0,383.0,298.0,353.0,453.0,264.0,377.0,581.0,Asia,https://public.flourish.studio/country-flags/svg/jo.svg
Kazakhstan,,,,,,,,,,,,,,,,,,,,,,,,,,,,,,,,,,,,,,,,,,,,24.0,115.0,300.0,462.0,511.0,570.0,548.0,598.0,398.0,249.0,222.0,185.0,148.0,491.0,353.0,300.0,229.0,189.0,149.0,149.0,135.0,114.0,106.0,126.0,173.0,153.0,143.0,169.0,Asia,https://public.flourish.studio/country-flags/svg/kz.svg
Kenya,,,,,,,,,,,,,,,,,,,,,,,,,,,,,,,,,,,,,,,,,,,,492.0,453.0,440.0,479.0,504.0,510.0,445.0,398.0,347.0,332.0,343.0,474.0,567.0,760.0,820.0,849.0,882.0,942.0,996.0,1019.0,937.0,815.0,453.0,463.0,475.0,161.0,229.0,379.0,Africa,https://public.flourish.studio/country-flags/svg/ke.svg
Kiribati,,,,,,,,,,,,,,,,,,,,,,,,,,,,,,,,,,,,,,,,,,,,,,,,,,,,,,,,,,,,,,5.0,5.0,5.0,,,,,,,,Oceania,https://public.flourish.studio/country-flags/svg/ki.svg
Kuwait,,,,,,,,,,,,,,,,,,,,,,,,,,,,,,,,,,,,,,,,,,,,672.0,616.0,631.0,570.0,437.0,363.0,125.0,126.0,105.0,92.0,82.0,50.0,48.0,143.0,130.0,104.0,73.0,70.0,64.0,51.0,38.0,38.0,82.0,86.0,85.0,0.0,22.0,72.0,Asia,https://public.flourish.studio/country-flags/svg/kw.svg
Kyrgyzstan,,,,,,,,,,,,,,,,,,,,,,,,,,,,,,,,,,,,,,,,,,,,13.0,14.0,14.0,24.0,39.0,53.0,52.0,75.0,108.0,103.0,202.0,241.0,244.0,203.0,203.0,196.0,185.0,165.0,128.0,120.0,96.0,82.0,63.0,61.0,71.0,68.0,64.0,74.0,,
Lao People's Dem. Rep.,,,,,,,,,,,,,,,,,,,,,,,,,,,,,,,,,,,,,,,,,,,,1620.0,1055.0,91.0,34.0,33.0,15.0,7.0,,0.0,,5.0,5.0,5.0,5.0,5.0,5.0,5.0,5.0,6.0,6.0,5.0,5.0,5.0,5.0,5.0,5.0,5.0,5.0,,
Latvia,,,,,,,,,,,,,,,,,,,,,,,,,,,,,,,,,,,,,,,,,,,,78.0,81.0,97.0,110.0,102.0,75.0,36.0,42.0,38.0,40.0,42.0,39.0,35.0,76.0,71.0,67.0,51.0,47.0,44.0,55.0,68.0,62.0,72.0,75.0,77.0,73.0,71.0,58.0,Europe,https://public.flourish.studio/country-flags/svg/lv.svg
Lebanon,,,,,,,,,,,,,,,,,,,,,,,,,,,,,,,,,,,,,,,,,,,,5298.0,3177.0,1274.0,932.0,723.0,596.0,548.0,653.0,560.0,521.0,510.0,591.0,684.0,1218.0,1190.0,1128.0,1133.0,1104.0,1104.0,1103.0,1024.0,867.0,741.0,838.0,886.0,683.0,743.0,1034.0,Asia,https://public.flourish.studio/country-flags/svg/lb.svg
Lesotho,,,,,,,,,,,,,,,,,,,,,,,,,,,,,,,,,,,,,,,,,,,,,,,,,,,0.0,,,,,,,,5.0,5.0,5.0,5.0,5.0,6.0,6.0,,,,,,0.0,Africa,https://public.flourish.studio/country-flags/svg/ls.svg
Liberia,,,,,,,,,,,,,,,,,,,,,,,,,,,,,,,,,,,,,,,,,,,,192.0,205.0,202.0,191.0,178.0,149.0,159.0,187.0,188.0,268.0,639.0,1151.0,1436.0,123.0,115.0,103.0,99.0,106.0,120.0,134.0,153.0,139.0,82.0,91.0,91.0,38.0,27.0,52.0,Africa,https://public.flourish.studio/country-flags/svg/lr.svg
Libya,,,,,,,,,,,,,,,,,,,,,,,,,,,,,,,,,,,,,,,,,,,,132.0,120.0,120.0,115.0,123.0,138.0,106.0,168.0,184.0,198.0,189.0,199.0,156.0,308.0,323.0,305.0,292.0,246.0,241.0,230.0,243.0,230.0,869.0,1118.0,1330.0,1552.0,1719.0,1862.0,Africa,https://public.flourish.studio/country-flags/svg/ly.svg
Lithuania,,,,,,,,,,,,,,,,,,,,,,,,,,,,,,,,,,,,,,,,,,,,37.0,43.0,40.0,26.0,23.0,22.0,10.0,17.0,20.0,25.0,45.0,76.0,92.0,115.0,117.0,113.0,114.0,109.0,103.0,108.0,91.0,62.0,22.0,20.0,21.0,21.0,21.0,19.0,Europe,https://public.flourish.studio/country-flags/svg/lt.svg
Luxembourg,,,,,,,,,,,,,,,,,,,,,,,,,,,,,,,,,,,,,,,,,,,,,,,,,,,,,,,,,,,,,,,,,,,,0.0,,,,Europe,https://public.flourish.studio/country-flags/svg/lu.svg
Madagascar,,,,,,,,,,,,,,,,,,,,,,,,,,,,,,,,,,,,,,,,,,,,,,,5.0,5.0,5.0,5.0,7.0,8.0,5.0,5.0,5.0,9.0,14.0,10.0,10.0,10.0,10.0,10.0,16.0,16.0,16.0,16.0,16.0,19.0,19.0,15.0,21.0,Africa,https://public.flourish.studio/country-flags/svg/mg.svg
Malawi,,,,,,,,,,,,,,,,,,,,,,,,,,,,,,,,,,,,,,,,,,,,29.0,27.0,25.0,17.0,9.0,16.0,16.0,16.0,15.0,16.0,5.0,9.0,9.0,15.0,17.0,21.0,21.0,23.0,23.0,28.0,31.0,29.0,15.0,16.0,18.0,10.0,10.0,14.0,Africa,https://public.flourish.studio/country-flags/svg/mw.svg
Malaysia,,,,,,,,,,,,,,,,,,,,,,,,,,,,,,,,,,,,,,,,,,,,78.0,72.0,77.0,68.0,60.0,46.0,35.0,61.0,75.0,100.0,139.0,201.0,194.0,263.0,271.0,265.0,265.0,235.0,214.0,193.0,149.0,91.0,37.0,32.0,29.0,0.0,,0.0,Asia,https://public.flourish.studio/country-flags/svg/my.svg
Mali,,,,,,,,,,,,,,,,,,,,,,,,,,,,,,,,,,,,,,,,,,,,154.0,103.0,46.0,33.0,34.0,40.0,33.0,44.0,56.0,65.0,73.0,80.0,87.0,133.0,132.0,125.0,119.0,109.0,99.0,87.0,73.0,74.0,125.0,142.0,163.0,172.0,194.0,218.0,Africa,https://public.flourish.studio/country-flags/svg/ml.svg
Malta,,,,,,,,,,,,,,,,,,,,,,,,,,,,,,,,,,,,,,,,,,,,7.0,13.0,18.0,14.0,15.0,18.0,12.0,7.0,7.0,6.0,,,,5.0,5.0,5.0,,,,,,,,,5.0,5.0,5.0,5.0,Europe,https://public.flourish.studio/country-flags/svg/mt.svg
Mauritania,,,,,,,,,,,,,,,,,,,,,,,,,,,,,,,,,,,,,,,,,,,,16.0,22.0,24.0,24.0,28.0,26.0,15.0,15.0,20.0,30.0,69.0,129.0,229.0,231.0,254.0,268.0,284.0,292.0,299.0,294.0,265.0,248.0,124.0,151.0,159.0,144.0,134.0,186.0,Africa,https://public.flourish.studio/country-flags/svg/mr.svg
Mauritius,,,,,,,,,,,,,,,,,,,,,,,,,,,,,,,,,,,,,,,,,,,,,,,,,,0.0,0.0,0.0,0.0,5.0,5.0,6.0,6.0,6.0,7.0,7.0,7.0,6.0,7.0,5.0,5.0,0.0,5.0,8.0,11.0,11.0,14.0,Africa,https://public.flourish.studio/country-flags/svg/mu.svg
Mexico,,,,,,,,,,,,,,,,,,,,,,,,,,,,,,,,,,,,,,,,,,,,239.0,250.0,312.0,391.0,657.0,903.0,811.0,1108.0,1162.0,1195.0,1307.0,1807.0,2310.0,4281.0,4757.0,5000.0,5281.0,5574.0,5995.0,6512.0,6762.0,6414.0,4102.0,3846.0,3457.0,3051.0,3173.0,3572.0,Americas,https://public.flourish.studio/country-flags/svg/mx.svg
Mongolia,,,,,,,,,,,,,,,,,,,,,,,,,,,,,,,,,,,,,,,,,,,,,,,,,8.0,5.0,12.0,14.0,24.0,34.0,40.0,48.0,87.0,101.0,108.0,113.0,119.0,127.0,127.0,130.0,131.0,147.0,143.0,160.0,151.0,135.0,154.0,Asia,https://public.flourish.studio/country-flags/svg/mn.svg
Montenegro,,,,,,,,,,,,,,,,,,,,,,,,,,,,,,,,,,,,,,,,,,,,,,,,,,,,,,,,,0.0,0.0,0.0,0.0,5.0,14.0,18.0,19.0,21.0,36.0,19.0,21.0,,,,Europe,https://public.flourish.studio/country-flags/svg/me.svg
Morocco,,,,,,,,,,,,,,,,,,,,,,,,,,,,,,,,,,,,,,,,,,,,63.0,46.0,38.0,35.0,37.0,43.0,55.0,62.0,60.0,60.0,64.0,69.0,97.0,167.0,168.0,174.0,167.0,174.0,169.0,173.0,168.0,167.0,158.0,151.0,153.0,124.0,138.0,151.0,Africa,https://public.flourish.studio/country-flags/svg/ma.svg
Mozambique,,,,,,,,,,,,,,,,,,,,,,,,,,,,,,,,,,,,,,,,,,,,16.0,21.0,11.0,10.0,9.0,6.0,5.0,5.0,5.0,5.0,,,,5.0,6.0,5.0,6.0,6.0,6.0,6.0,6.0,6.0,0.0,,0.0,0.0,,,Africa,https://public.flourish.studio/country-flags/svg/mz.svg
Myanmar,,,,,,,,,,,,,,,,,,,,,,,,,,,,,,,,,,,,,,,,,,,,168.0,208.0,286.0,418.0,419.0,390.0,391.0,350.0,271.0,440.0,538.0,613.0,1429.0,205.0,235.0,257.0,265.0,277.0,276.0,283.0,264.0,223.0,70.0,60.0,55.0,0.0,,0.0,Asia,https://public.flourish.studio/country-flags/svg/mm.svg
Namibia,,,,,,,,,,,,,,,,,,,,,,,,,,,,,,,,,,,,,,,,,,,,,,,,,5.0,0.0,0.0,0.0,0.0,0.0,5.0,12.0,15.0,20.0,22.0,26.0,31.0,38.0,106.0,207.0,282.0,358.0,360.0,376.0,292.0,286.0,262.0,Africa,https://public.flourish.studio/country-flags/svg/na.svg
Nepal,,,,,,,,,,,,,,,,,,,,,,,,,,,,,,,,,,,,,,,,,,,,5.0,5.0,9.0,16.0,19.0,39.0,28.0,38.0,52.0,83.0,116.0,178.0,319.0,513.0,730.0,809.0,863.0,986.0,1128.0,1212.0,1223.0,1304.0,566.0,557.0,611.0,31.0,25.0,58.0,Asia,https://public.flourish.studio/country-flags/svg/np.svg
Netherlands,,,,,,,,,,,,,,,,,,,,,,,,,,,,,,,,,,,,,,,,,,,,75.0,81.0,92.0,72.0,52.0,24.0,14.0,5.0,5.0,0.0,5.0,5.0,5.0,12.0,23.0,27.0,29.0,34.0,34.0,34.0,38.0,44.0,5.0,5.0,5.0,8.0,8.0,11.0,Europe,https://public.flourish.studio/country-flags/svg/nl.svg
New Zealand,,,,,,,,,,,,,,,,,,,,,,,,,,,,,,,,,,,,,,,,,,,,,,,,,,,,,0.0,0.0,0.0,,,,,,,,,,,,,,,,,Oceania,https://public.flourish.studio/country-flags/svg/nz.svg
Nicaragua,,,,,,,,,,,,,,,,,,,,,,,,,,,,,,,,,,,,,,,,,,,,967.0,541.0,361.0,311.0,295.0,236.0,192.0,210.0,160.0,145.0,107.0,75.0,71.0,238.0,211.0,172.0,132.0,119.0,138.0,132.0,141.0,142.0,80.0,82.0,83.0,203.0,338.0,593.0,Americas,https://public.flourish.studio/country-flags/svg/ni.svg
Niger,,,,,,,,,,,,,,,,,,,,,,,,,,,,,,,,,,,,,,,,,,,,,5.0,5.0,8.0,10.0,11.0,9.0,11.0,15.0,18.0,15.0,23.0,37.0,58.0,61.0,56.0,57.0,71.0,69.0,81.0,84.0,85.0,54.0,57.0,59.0,65.0,55.0,52.0,Africa,https://public.flourish.studio/country-flags/svg/ne.svg
Nigeria,,,,,,,,,,,,,,,,,,,,,,,,,,,,,,,,,,,,,,,,,,,,459.0,492.0,561.0,692.0,861.0,868.0,852.0,1043.0,1056.0,986.0,1046.0,1413.0,1722.0,2911.0,2882.0,2962.0,3171.0,3608.0,3990.0,4441.0,4683.0,4502.0,4068.0,4800.0,5483.0,6640.0,8082.0,9883.0,Africa,https://public.flourish.studio/country-flags/svg/ng.svg
North Macedonia,,,,,,,,,,,,,,,,,,,,,,,,,,,,,,,,,,,,,,,,,,,,7.0,17.0,21.0,22.0,37.0,47.0,45.0,59.0,82.0,85.0,81.0,74.0,76.0,136.0,140.0,137.0,123.0,117.0,97.0,100.0,100.0,92.0,48.0,43.0,47.0,19.0,16.0,19.0,,
Norway,,,,,,,,,,,,,,,,,,,,,,,,,,,,,,,,,,,,,,,,,,,,,,,,,,,,,,0.0,,,0.0,,0.0,,0.0,0.0,5.0,5.0,0.0,0.0,0.0,0.0,,,0.0,Europe,https://public.flourish.studio/country-flags/svg/no.svg
Oman,,,,,,,,,,,,,,,,,,,,,,,,,,,,,,,,,,,,,,,,,,,,5.0,9.0,8.0,8.0,8.0,8.0,5.0,5.0,5.0,,5.0,5.0,5.0,8.0,8.0,10.0,10.0,11.0,12.0,15.0,14.0,13.0,8.0,9.0,7.0,0.0,,,Asia,https://public.flourish.studio/country-flags/svg/om.svg
Pakistan,,,,,,,,,,,,,,,,,,,,,,,,,,,,,,,,,,,,,,,,,,,,2721.0,2573.0,2315.0,1989.0,2266.0,2956.0,3893.0,5753.0,6960.0,7994.0,9662.0,10642.0,10888.0,15820.0,15798.0,15346.0,14526.0,13149.0,11605.0,10641.0,8613.0,7207.0,4564.0,4971.0,5607.0,5498.0,6085.0,6965.0,Asia,https://public.flourish.studio/country-flags/svg/pk.svg
Palestinian,,,,,,,,,,,,,,,,,,,,,,,,,,,,,,,,,,,,,,,,,,,,,,,,,,26.0,41.0,55.0,97.0,173.0,312.0,396.0,498.0,528.0,537.0,584.0,636.0,674.0,682.0,634.0,534.0,489.0,777.0,1120.0,1470.0,1777.0,2198.0,,
Panama,,,,,,,,,,,,,,,,,,,,,,,,,,,,,,,,,,,,,,,,,,,,143.0,102.0,83.0,44.0,29.0,16.0,21.0,25.0,15.0,8.0,14.0,19.0,26.0,43.0,45.0,44.0,45.0,45.0,47.0,48.0,40.0,39.0,18.0,16.0,20.0,22.0,21.0,24.0,Americas,https://public.flourish.studio/country-flags/svg/pa.svg
Papua New Guinea,,,,,,,,,,,,,,,,,,,,,,,,,,,,,,,,,,,,,,,,,,,,,,,,,,,,,,,,,,,,,,,,,,5.0,5.0,5.0,5.0,,,Oceania,https://public.flourish.studio/country-flags/svg/pg.svg
Paraguay,,,,,,,,,,,,,,,,,,,,,,,,,,,,,,,,,,,,,,,,,,,,39.0,35.0,30.0,9.0,6.0,5.0,5.0,6.0,0.0,5.0,8.0,12.0,25.0,30.0,31.0,36.0,40.0,44.0,48.0,47.0,43.0,42.0,22.0,21.0,14.0,20.0,15.0,13.0,Americas,https://public.flourish.studio/country-flags/svg/py.svg
Peru,,,,,,,,,,,,,,,,,,,,,,,,,,,,,,,,,,,,,,,,,,,,1273.0,1266.0,1266.0,1084.0,846.0,735.0,778.0,993.0,951.0,962.0,1049.0,1335.0,1589.0,2522.0,2421.0,2303.0,2209.0,2048.0,1905.0,1757.0,1505.0,1080.0,316.0,252.0,224.0,173.0,112.0,139.0,Americas,https://public.flourish.studio/country-flags/svg/pe.svg
Philippines,,,,,,,,,,,,,,,,,,,,,,,,,,,,,,,,,,,,,,,,,,,,248.0,268.0,259.0,159.0,105.0,47.0,23.0,33.0,35.0,60.0,96.0,131.0,177.0,235.0,274.0,294.0,300.0,310.0,322.0,321.0,301.0,277.0,110.0,96.0,94.0,64.0,60.0,76.0,Asia,https://public.flourish.studio/country-flags/svg/ph.svg
Poland,,,,,,,,,,,,,,,,,,,,,,,,,,,,,,,,,,,,,,,,,,,,27732.0,15690.0,5710.0,987.0,332.0,293.0,155.0,217.0,273.0,281.0,330.0,365.0,344.0,567.0,545.0,519.0,477.0,421.0,359.0,325.0,259.0,175.0,129.0,125.0,129.0,76.0,69.0,67.0,Europe,https://public.flourish.studio/country-flags/svg/pl.svg
Portugal,,,,,,,,,,,,,,,,,,,,,,,,,,,,,,,,,,,,,,,,,,,,25.0,23.0,12.0,6.0,5.0,5.0,7.0,7.0,5.0,5.0,0.0,5.0,5.0,8.0,15.0,12.0,12.0,12.0,12.0,12.0,10.0,9.0,5.0,0.0,0.0,5.0,5.0,5.0,Europe,https://public.flourish.studio/country-flags/svg/pt.svg
Puerto Rico,,,,,,,,,,,,,,,,,,,,,,,,,,,,,,,,,,,,,,,,,,,,12.0,12.0,12.0,,,,,,,,,,,,,,,,,,,,,,,,,,Americas,https://public.flourish.studio/country-flags/svg/pr.svg
Qatar,,,,,,,,,,,,,,,,,,,,,,,,,,,,,,,,,,,,,,,,,,,,49.0,30.0,17.0,18.0,21.0,6.0,0.0,0.0,0.0,0.0,,,,,5.0,5.0,5.0,5.0,5.0,5.0,8.0,6.0,10.0,12.0,12.0,5.0,,9.0,Asia,https://public.flourish.studio/country-flags/svg/qa.svg
Rep. of Korea,,,,,,,,,,,,,,,,,,,,,,,,,,,,,,,,,,,,,,,,,,,,7.0,13.0,17.0,19.0,19.0,33.0,26.0,51.0,59.0,71.0,114.0,169.0,182.0,275.0,283.0,290.0,296.0,290.0,282.0,280.0,239.0,174.0,98.0,102.0,98.0,58.0,46.0,38.0,,
Rep. of Moldova,,,,,,,,,,,,,,,,,,,,,,,,,,,,,,,,,,,,,,,,,,,,445.0,499.0,570.0,609.0,429.0,223.0,234.0,252.0,141.0,133.0,105.0,103.0,108.0,248.0,224.0,185.0,161.0,168.0,187.0,198.0,195.0,179.0,123.0,121.0,126.0,107.0,82.0,61.0,,
Romania,,,,,,,,,,,,,,,,,,,,,,,,,,,,,,,,,,,,,,,,,,,,3085.0,1813.0,1113.0,817.0,642.0,558.0,572.0,730.0,695.0,715.0,711.0,697.0,654.0,1286.0,1203.0,1088.0,952.0,800.0,690.0,577.0,460.0,334.0,188.0,193.0,216.0,390.0,423.0,469.0,Europe,https://public.flourish.studio/country-flags/svg/ro.svg
Russian Federation,,,,,,,,,,,,,,,,,,,,,,,,,,,,,,,,,,,,,,,,,,,,2611.0,1613.0,1206.0,1254.0,1655.0,1657.0,1694.0,2196.0,1990.0,1994.0,2118.0,2073.0,1916.0,2960.0,2770.0,2612.0,2311.0,1931.0,1756.0,1527.0,1315.0,1178.0,849.0,877.0,904.0,735.0,675.0,724.0,,
Rwanda,,,,,,,,,,,,,,,,,,,,,,,,,,,,,,,,,,,,,,,,,,,,436.0,519.0,602.0,679.0,1001.0,1194.0,1118.0,1322.0,1390.0,1462.0,1310.0,1223.0,1226.0,1697.0,1680.0,1550.0,1494.0,1537.0,1654.0,1655.0,1647.0,1620.0,1048.0,1013.0,936.0,800.0,811.0,1011.0,Africa,https://public.flourish.studio/country-flags/svg/rw.svg
Saint Kitts and Nevis,,,,,,,,,,,,,,,,,,,,,,,,,,,,,,,,,,,,,,,,,,,,,,,,,,,,0.0,0.0,,,0.0,0.0,0.0,0.0,5.0,7.0,10.0,12.0,15.0,20.0,38.0,40.0,45.0,44.0,44.0,39.0,,
Saint Lucia,,,,,,,,,,,,,,,,,,,,,,,,,,,,,,,,,,,,,,,,,,,,,,,,5.0,5.0,7.0,9.0,7.0,11.0,32.0,96.0,151.0,216.0,278.0,312.0,328.0,423.0,551.0,697.0,906.0,992.0,968.0,967.0,994.0,805.0,688.0,558.0,,
Saint Vincent and the Grenadines,,,,,,,,,,,,,,,,,,,,,,,,,,,,,,,,,,,,,,,,,,,,7.0,7.0,13.0,13.0,24.0,36.0,48.0,67.0,81.0,105.0,181.0,279.0,386.0,644.0,748.0,847.0,941.0,1121.0,1305.0,1524.0,1723.0,1778.0,1285.0,1253.0,1191.0,902.0,666.0,538.0,,
Saudi Arabia,,,,,,,,,,,,,,,,,,,,,,,,,,,,,,,,,,,,,,,,,,,,175.0,251.0,229.0,218.0,210.0,180.0,26.0,15.0,22.0,25.0,39.0,64.0,80.0,99.0,128.0,126.0,122.0,129.0,131.0,135.0,119.0,101.0,190.0,277.0,375.0,344.0,463.0,604.0,Asia,https://public.flourish.studio/country-flags/svg/sa.svg
Senegal,,,,,,,,,,,,,,,,,,,,,,,,,,,,,,,,,,,,,,,,,,,,14.0,16.0,37.0,50.0,62.0,69.0,58.0,45.0,42.0,46.0,50.0,74.0,98.0,149.0,159.0,172.0,172.0,177.0,183.0,197.0,216.0,241.0,228.0,238.0,248.0,203.0,217.0,280.0,Africa,https://public.flourish.studio/country-flags/svg/sn.svg
Serbia and Kosovo: S/RES/1244 (1999),,,,,,,,,,,,,,,,,,,,,,,,,,,,,,,,,,,,,,,,,,,,1552.0,1953.0,2315.0,2709.0,2899.0,2903.0,6632.0,7990.0,7494.0,7020.0,6472.0,2129.0,546.0,1159.0,1006.0,763.0,573.0,443.0,400.0,418.0,429.0,398.0,266.0,288.0,322.0,240.0,205.0,203.0,,
Seychelles,,,,,,,,,,,,,,,,,,,,,,,,,,,,,,,,,,,,,,,,,,,,528.0,305.0,103.0,7.0,5.0,,,0.0,0.0,,0.0,,5.0,8.0,8.0,10.0,10.0,10.0,10.0,10.0,10.0,9.0,5.0,5.0,5.0,5.0,5.0,5.0,Africa,https://public.flourish.studio/country-flags/svg/sc.svg
Sierra Leone,,,,,,,,,,,,,,,,,,,,,,,,,,,,,,,,,,,,,,,,,,,,50.0,52.0,64.0,77.0,100.0,108.0,335.0,677.0,1037.0,1374.0,1668.0,1557.0,1323.0,254.0,258.0,254.0,233.0,221.0,206.0,187.0,158.0,121.0,67.0,72.0,82.0,40.0,24.0,23.0,Africa,https://public.flourish.studio/country-flags/svg/sl.svg
Singapore,,,,,,,,,,,,,,,,,,,,,,,,,,,,,,,,,,,,,,,,,,,,8.0,8.0,8.0,10.0,10.0,12.0,6.0,9.0,8.0,8.0,5.0,7.0,6.0,19.0,24.0,25.0,26.0,27.0,27.0,28.0,29.0,27.0,13.0,15.0,14.0,12.0,10.0,10.0,Asia,https://public.flourish.studio/country-flags/svg/sg.svg
Slovakia,,,,,,,,,,,,,,,,,,,,,,,,,,,,,,,,,,,,,,,,,,,,6.0,7.0,7.0,7.0,12.0,10.0,8.0,13.0,16.0,17.0,19.0,12.0,11.0,31.0,35.0,35.0,28.0,24.0,22.0,30.0,39.0,63.0,566.0,696.0,1004.0,1147.0,1180.0,1204.0,,
Slovenia,,,,,,,,,,,,,,,,,,,,,,,,,,,,,,,,,,,,,,,,,,,,15.0,23.0,37.0,70.0,84.0,76.0,69.0,56.0,23.0,7.0,0.0,5.0,5.0,6.0,10.0,9.0,9.0,9.0,9.0,9.0,9.0,9.0,8.0,5.0,7.0,7.0,6.0,6.0,Europe,https://public.flourish.studio/country-flags/svg/si.svg
Solomon Islands,,,,,,,,,,,,,,,,,,,,,,,,,,,,,,,,,,,,,,,,,,,,,,,,,,0.0,,5.0,5.0,5.0,5.0,10.0,15.0,19.0,33.0,38.0,43.0,39.0,39.0,39.0,39.0,37.0,28.0,6.0,,,,Oceania,https://public.flourish.studio/country-flags/svg/sb.svg
Somalia,,,,,,,,,,,,,,,,,,,,,,,,,,,,,,,,,,,,,,,,,,,,17817.0,14673.0,11422.0,8944.0,7098.0,5178.0,5159.0,5754.0,5545.0,5080.0,4894.0,4491.0,4507.0,7206.0,6209.0,5150.0,4149.0,3629.0,3459.0,3225.0,2821.0,2531.0,2775.0,3035.0,3245.0,2253.0,2039.0,1830.0,Africa,https://public.flourish.studio/country-flags/svg/so.svg
South Africa,,,,,,,,,,,,,,,,,,,,,,,,,,,,,,,,,,,,,,,,,,,,123.0,71.0,42.0,26.0,17.0,31.0,26.0,34.0,32.0,32.0,20.0,20.0,16.0,33.0,33.0,38.0,37.0,30.0,35.0,45.0,51.0,52.0,53.0,58.0,67.0,0.0,0.0,58.0,Africa,https://public.flourish.studio/country-flags/svg/za.svg
South Sudan,,,,,,,,,,,,,,,,,,,,,,,,,,,,,,,,,,,,,,,,,,,,,,,,,,,,,,,,,,,,,,,,,,7.0,12.0,13.0,6.0,6.0,21.0,Africa,https://public.flourish.studio/country-flags/svg/ss.svg
Spain,,,,,,,,,,,,,,,,,,,,,,,,,,,,,,,,,,,,,,,,,,,,42.0,29.0,51.0,50.0,52.0,49.0,44.0,14.0,8.0,6.0,5.0,0.0,0.0,6.0,9.0,15.0,13.0,14.0,16.0,20.0,22.0,25.0,5.0,6.0,6.0,11.0,11.0,14.0,Europe,https://public.flourish.studio/country-flags/svg/es.svg
Sri Lanka,,,,,,,,,,,,,,,,,,,,,,,,,,,,,,,,,,,,,,,,,,,,21501.0,17975.0,14868.0,11793.0,10218.0,9717.0,10591.0,13161.0,12873.0,12563.0,12062.0,11076.0,9877.0,21279.0,20442.0,19143.0,16967.0,15174.0,13705.0,12326.0,10745.0,8807.0,4648.0,4195.0,3624.0,2302.0,2065.0,2439.0,Asia,https://public.flourish.studio/country-flags/svg/lk.svg
Stateless,,,,,,,,,,,,,,,,,,,,,,,,,,,,,,,,,,,,,,,,,,,,,,,,,,627.0,1624.0,1568.0,1654.0,1764.0,1891.0,1248.0,1828.0,1669.0,1677.0,1738.0,1737.0,1738.0,1708.0,1583.0,1503.0,163.0,307.0,417.0,,179.0,209.0,,
Sudan,,,,,,,,,,,,,,,,,,,,,,,,,,,,,,,,,,,,,,,,,,,,2021.0,1992.0,2015.0,1952.0,2091.0,2215.0,2968.0,3692.0,4179.0,5141.0,6312.0,6230.0,6258.0,1915.0,1739.0,1615.0,1431.0,1238.0,1100.0,905.0,671.0,509.0,465.0,802.0,1173.0,1399.0,1776.0,2263.0,Africa,https://public.flourish.studio/country-flags/svg/sd.svg
Suriname,,,,,,,,,,,,,,,,,,,,,,,,,,,,,,,,,,,,,,,,,,,,13.0,14.0,12.0,9.0,7.0,5.0,,0.0,0.0,0.0,0.0,,5.0,5.0,5.0,6.0,10.0,10.0,9.0,8.0,8.0,8.0,8.0,8.0,5.0,0.0,,0.0,Americas,https://public.flourish.studio/country-flags/svg/sr.svg
Sweden,,,,,,,,,,,,,,,,,,,,,,,,,,,,,,,,,,,,,,,,,,,,11.0,25.0,37.0,39.0,39.0,30.0,17.0,5.0,7.0,6.0,5.0,6.0,6.0,7.0,6.0,6.0,7.0,8.0,5.0,5.0,5.0,5.0,0.0,,0.0,0.0,,0.0,Europe,https://public.flourish.studio/country-flags/svg/se.svg
Switzerland,,,,,,,,,,,,,,,,,,,,,,,,,,,,,,,,,,,,,,,,,,,,8.0,27.0,32.0,54.0,76.0,90.0,69.0,60.0,38.0,17.0,,,5.0,5.0,9.0,9.0,10.0,10.0,11.0,11.0,11.0,11.0,,,,,,,Europe,https://public.flourish.studio/country-flags/svg/ch.svg
Syrian Arab Rep.,,,,,,,,,,,,,,,,,,,,,,,,,,,,,,,,,,,,,,,,,,,,415.0,365.0,340.0,324.0,333.0,364.0,390.0,427.0,432.0,424.0,459.0,397.0,415.0,624.0,603.0,577.0,545.0,547.0,533.0,592.0,705.0,1513.0,2757.0,3095.0,3558.0,5.0,131.0,274.0,,
Tajikistan,,,,,,,,,,,,,,,,,,,,,,,,,,,,,,,,,,,,,,,,,,,,,,5.0,8.0,104.0,123.0,113.0,124.0,122.0,29.0,15.0,91.0,113.0,34.0,40.0,45.0,44.0,43.0,50.0,54.0,59.0,53.0,37.0,44.0,52.0,39.0,33.0,52.0,Asia,https://public.flourish.studio/country-flags/svg/tj.svg
Thailand,,,,,,,,,,,,,,,,,,,,,,,,,,,,,,,,,,,,,,,,,,,,89.0,163.0,220.0,208.0,194.0,202.0,107.0,22.0,19.0,20.0,17.0,22.0,24.0,32.0,34.0,37.0,37.0,35.0,35.0,38.0,36.0,33.0,17.0,17.0,14.0,0.0,,0.0,Asia,https://public.flourish.studio/country-flags/svg/th.svg
Tibetan,,,,,,,,,,,,,,,,,,,,,,,,,,,,,,,,,,,,,,,,,,,,,,,,5.0,5.0,5.0,5.0,5.0,,,,,,58.0,58.0,58.0,58.0,,58.0,58.0,58.0,,,,,,,,
Timor-Leste,,,,,,,,,,,,,,,,,,,,,,,,,,,,,,,,,,,,,,,,,,,,,,,,,,,,,,,,,,,,,,,,,,,,0.0,5.0,5.0,5.0,Asia,https://public.flourish.studio/country-flags/svg/tl.svg
Togo,,,,,,,,,,,,,,,,,,,,,,,,,,,,,,,,,,,,,,,,,,,,57.0,65.0,74.0,99.0,97.0,98.0,118.0,169.0,173.0,194.0,242.0,265.0,259.0,280.0,281.0,282.0,274.0,262.0,251.0,248.0,224.0,188.0,112.0,110.0,121.0,87.0,79.0,87.0,Africa,https://public.flourish.studio/country-flags/svg/tg.svg
Trinidad and Tobago,,,,,,,,,,,,,,,,,,,,,,,,,,,,,,,,,,,,,,,,,,,,12.0,12.0,12.0,14.0,18.0,17.0,14.0,16.0,17.0,22.0,21.0,42.0,91.0,145.0,164.0,186.0,192.0,221.0,241.0,244.0,264.0,243.0,144.0,135.0,111.0,87.0,66.0,60.0,Americas,https://public.flourish.studio/country-flags/svg/tt.svg
Tunisia,,,,,,,,,,,,,,,,,,,,,,,,,,,,,,,,,,,,,,,,,,,,76.0,60.0,47.0,61.0,68.0,85.0,68.0,103.0,92.0,97.0,103.0,123.0,129.0,236.0,238.0,225.0,223.0,201.0,204.0,202.0,199.0,199.0,180.0,189.0,189.0,171.0,164.0,172.0,Africa,https://public.flourish.studio/country-flags/svg/tn.svg
Turkey,,,,,,,,,,,,,,,,,,,,,,,,,,,,,,,,,,,,,,,,,,,,536.0,558.0,578.0,536.0,545.0,667.0,765.0,1172.0,1651.0,2000.0,2632.0,3468.0,3474.0,4753.0,4691.0,4611.0,4465.0,4255.0,3838.0,3464.0,2863.0,1991.0,1609.0,2833.0,4241.0,5876.0,6387.0,7571.0,Asia,https://public.flourish.studio/country-flags/svg/tr.svg
Turkmenistan,,,,,,,,,,,,,,,,,,,,,,,,,,,,,,,,,,,,,,,,,,,,,,,,5.0,7.0,,7.0,7.0,7.0,6.0,39.0,51.0,21.0,22.0,23.0,23.0,17.0,18.0,21.0,22.0,18.0,5.0,13.0,19.0,23.0,22.0,33.0,Asia,https://public.flourish.studio/country-flags/svg/tm.svg
Turks and Caicos Islands,,,,,,,,,,,,,,,,,,,,,,,,,,,,,,,,,,,,,,,,,,,,,,,,,,,,,,,,,,,,,0.0,0.0,0.0,,,0.0,0.0,,,,,Americas,https://public.flourish.studio/country-flags/svg/tc.svg
Uganda,,,,,,,,,,,,,,,,,,,,,,,,,,,,,,,,,,,,,,,,,,,,350.0,268.0,206.0,110.0,80.0,96.0,89.0,103.0,114.0,153.0,225.0,362.0,445.0,491.0,542.0,616.0,682.0,749.0,809.0,844.0,804.0,713.0,486.0,541.0,559.0,536.0,660.0,943.0,Africa,https://public.flourish.studio/country-flags/svg/ug.svg
Ukraine,,,,,,,,,,,,,,,,,,,,,,,,,,,,,,,,,,,,,,,,,,,,462.0,594.0,698.0,748.0,643.0,579.0,547.0,726.0,712.0,817.0,961.0,1100.0,1177.0,1911.0,1904.0,1914.0,1871.0,1788.0,1737.0,1605.0,1468.0,1314.0,1077.0,1126.0,1319.0,1199.0,1205.0,1273.0,Europe,https://public.flourish.studio/country-flags/svg/ua.svg
United Arab Emirates,,,,,,,,,,,,,,,,,,,,,,,,,,,,,,,,,,,,,,,,,,,,,,,,,,7.0,7.0,0.0,0.0,6.0,9.0,10.0,13.0,28.0,30.0,30.0,30.0,28.0,28.0,31.0,29.0,34.0,35.0,39.0,0.0,24.0,50.0,,
United Kingdom of Great Britain and Northern Ireland,,,,,,,,,,,,,,,,,,,,,,,,,,,,,,,,,,,,,,,,,,,,106.0,65.0,41.0,39.0,38.0,29.0,32.0,27.0,27.0,22.0,21.0,29.0,32.0,59.0,61.0,57.0,57.0,64.0,69.0,69.0,63.0,60.0,11.0,11.0,11.0,0.0,,0.0,,
United Rep. of Tanzania,,,,,,,,,,,,,,,,,,,,,,,,,,,,,,,,,,,,,,,,,,,,33.0,33.0,28.0,21.0,23.0,35.0,24.0,58.0,126.0,236.0,342.0,413.0,456.0,546.0,561.0,569.0,568.0,560.0,513.0,421.0,320.0,257.0,132.0,147.0,162.0,117.0,138.0,170.0,,
United States of America,,,,,,,,,,,,,,,,,,,,,,,,,,,,,,,,,,,,,,,,,,,,354.0,233.0,130.0,57.0,30.0,19.0,148.0,191.0,176.0,167.0,232.0,567.0,976.0,1537.0,1746.0,2019.0,2637.0,3384.0,4045.0,4451.0,4687.0,4573.0,51.0,48.0,63.0,0.0,12.0,371.0,,
Unknown ,168511.0,154828.0,107004.0,75828.0,52551.0,17485.0,46334.0,46908.0,47934.0,48629.0,44492.0,12282.0,10946.0,10178.0,9980.0,10225.0,9991.0,17950.0,19275.0,18518.0,17196.0,20933.0,13358.0,11410.0,16349.0,27387.0,29537.0,31295.0,57913.0,92679.0,96415.0,107591.0,120947.0,112966.0,92194.0,98743.0,104843.0,116434.0,135752.0,154761.0,170916.0,183723.0,183241.0,3255.0,2567.0,14185.0,12771.0,9602.0,16391.0,15452.0,758.0,1207.0,1005.0,1125.0,949.0,919.0,349.0,161.0,143.0,118.0,105.0,87.0,70.0,59.0,88.0,87.0,85.0,77.0,1533.0,4340.0,4356.0,,
Uruguay,,,,,,,,,,,,,,,,,,,,,,,,,,,,,,,,,,,,,,,,,,,,297.0,236.0,177.0,72.0,52.0,21.0,33.0,37.0,32.0,35.0,52.0,80.0,109.0,145.0,150.0,150.0,147.0,147.0,139.0,126.0,106.0,73.0,13.0,7.0,7.0,0.0,,5.0,Americas,https://public.flourish.studio/country-flags/svg/uy.svg
Uzbekistan,,,,,,,,,,,,,,,,,,,,,,,,,,,,,,,,,,,,,,,,,,,,26.0,50.0,63.0,77.0,81.0,106.0,108.0,129.0,123.0,133.0,165.0,276.0,346.0,227.0,238.0,243.0,247.0,259.0,274.0,273.0,271.0,271.0,165.0,172.0,181.0,155.0,139.0,149.0,Asia,https://public.flourish.studio/country-flags/svg/uz.svg
Venezuela (Bolivarian Republic of),,,,,,,,,,,,,,,,,,,,,,,,,,,,,,,,,,,,,,,,,,,,363.0,466.0,546.0,588.0,531.0,496.0,407.0,457.0,307.0,235.0,219.0,346.0,456.0,823.0,764.0,721.0,680.0,742.0,797.0,837.0,849.0,729.0,963.0,1345.0,1876.0,3067.0,3524.0,3990.0,,
Viet Nam,,,,,,,,,,,,,,,,,,,,,,,,,,,,,,,,,,,,,,,,,,,,14007.0,8853.0,5765.0,3565.0,1583.0,395.0,155.0,116.0,97.0,85.0,79.0,144.0,205.0,169.0,171.0,171.0,163.0,161.0,148.0,132.0,126.0,114.0,41.0,44.0,53.0,0.0,0.0,16.0,,
Yemen,,,,,,,,,,,,,,,,,,,,,,,,,,,,,,,,,,,,,,,,,,,,79.0,90.0,130.0,160.0,183.0,165.0,168.0,207.0,204.0,169.0,144.0,183.0,180.0,364.0,331.0,286.0,274.0,266.0,240.0,251.0,239.0,215.0,390.0,648.0,1089.0,1711.0,1949.0,2186.0,,
Zambia,,,,,,,,,,,,,,,,,,,,,,,,,,,,,,,,,,,,,,,,,,,,15.0,17.0,32.0,46.0,52.0,52.0,50.0,42.0,17.0,10.0,9.0,24.0,28.0,36.0,39.0,43.0,52.0,53.0,56.0,60.0,60.0,48.0,26.0,28.0,29.0,6.0,0.0,6.0,Africa,https://public.flourish.studio/country-flags/svg/zm.svg
Zimbabwe,,,,,,,,,,,,,,,,,,,,,,,,,,,,,,,,,,,,,,,,,,,,25.0,20.0,16.0,16.0,14.0,14.0,7.0,17.0,104.0,654.0,1979.0,2433.0,2674.0,3076.0,3455.0,3740.0,3986.0,4223.0,4341.0,3969.0,2767.0,2368.0,1261.0,1146.0,1018.0,728.0,629.0,640.0,Africa,https://public.flourish.studio/country-flags/svg/zw.svg
